{"colors":{"home_searchbox_bg_hot":"#FFFFFF","home_topbar_text_unselected":"#FFFFFF","home_bottombar_text_selected":"#1D1D1D","home_bottombar_text_unselected":"#999999","home_searchbox_bg_normal":"#CCFFFFFF","home_topbar_text_selected":"#F8D8A1","home_searchbox_text_normal":"#FFFFFF","home_searchbox_text_hot":"#FFFFFF","home_topbar_bg":"#AA0206"},"pictures":{"home_main_search_hot":"home_ic_search_white","home_main_rank_hot":"ic_ranking_white","home_bottombar_community_unselected":"home_bottombar_community_unselected.png","home_bottombar_mine_selected":"home_bottombar_mine_selected.png","home_bottombar_follow_selected":"home_bottombar_follow_selected.png","home_main_subscribe_hot":"ic_calender_white","home_main_subscribe_normal":"ic_calender_white","home_main_category_hot":"ic_catalog_white","home_bottombar_community_selected":"home_bottombar_community_selected.png","home_main_history":"home_main_history.png","home_bottombar_follow_unselected":"home_bottombar_follow_unselected.png","home_bottombar_main_selected":"home_bottombar_main_selected.png","home_main_rank_normal":"ic_ranking_white","home_main_logo_hot":"nav_logo_white","home_mine_topbar_bg":"home_mine_topbar_bg.png","home_main_logo_normal":"nav_logo_white","home_bottombar_main_unselected":"home_bottombar_main_unselected.png","home_bottombar_mine_unselected":"home_bottombar_mine_unselected.png","home_main_category_normal":"ic_catalog_white","home_main_search_normal":"home_ic_search_white"},"info":{"appVersion":"2.5.80","skinVersion":1}}